,path,label
0,D:\Lynn\AI-for-CV\Class_material\project\projectI\Data\train\rabbits\rabbits000.jpg,0
1,D:\Lynn\AI-for-CV\Class_material\project\projectI\Data\train\rabbits\rabbits001.jpg,0
2,D:\Lynn\AI-for-CV\Class_material\project\projectI\Data\train\rabbits\rabbits002.jpg,0
3,D:\Lynn\AI-for-CV\Class_material\project\projectI\Data\train\rabbits\rabbits003.jpg,0
4,D:\Lynn\AI-for-CV\Class_material\project\projectI\Data\train\rabbits\rabbits004.jpg,0
5,D:\Lynn\AI-for-CV\Class_material\project\projectI\Data\train\rabbits\rabbits005.jpg,0
6,D:\Lynn\AI-for-CV\Class_material\project\projectI\Data\train\rabbits\rabbits006.jpg,0
7,D:\Lynn\AI-for-CV\Class_material\project\projectI\Data\train\rabbits\rabbits007.jpg,0
8,D:\Lynn\AI-for-CV\Class_material\project\projectI\Data\train\rabbits\rabbits008.jpg,0
9,D:\Lynn\AI-for-CV\Class_material\project\projectI\Data\train\rabbits\rabbits009.jpg,0
10,D:\Lynn\AI-for-CV\Class_material\project\projectI\Data\train\rabbits\rabbits010.jpg,0
11,D:\Lynn\AI-for-CV\Class_material\project\projectI\Data\train\rabbits\rabbits011.jpg,0
12,D:\Lynn\AI-for-CV\Class_material\project\projectI\Data\train\rabbits\rabbits012.jpg,0
13,D:\Lynn\AI-for-CV\Class_material\project\projectI\Data\train\rabbits\rabbits013.jpg,0
14,D:\Lynn\AI-for-CV\Class_material\project\projectI\Data\train\rabbits\rabbits014.jpg,0
15,D:\Lynn\AI-for-CV\Class_material\project\projectI\Data\train\rabbits\rabbits015.jpg,0
16,D:\Lynn\AI-for-CV\Class_material\project\projectI\Data\train\rabbits\rabbits016.jpg,0
17,D:\Lynn\AI-for-CV\Class_material\project\projectI\Data\train\rabbits\rabbits017.jpg,0
18,D:\Lynn\AI-for-CV\Class_material\project\projectI\Data\train\rabbits\rabbits018.jpg,0
19,D:\Lynn\AI-for-CV\Class_material\project\projectI\Data\train\rabbits\rabbits019.jpg,0
20,D:\Lynn\AI-for-CV\Class_material\project\projectI\Data\train\rabbits\rabbits020.jpg,0
21,D:\Lynn\AI-for-CV\Class_material\project\projectI\Data\train\rabbits\rabbits021.jpg,0
22,D:\Lynn\AI-for-CV\Class_material\project\projectI\Data\train\rabbits\rabbits022.jpg,0
23,D:\Lynn\AI-for-CV\Class_material\project\projectI\Data\train\rabbits\rabbits023.jpg,0
24,D:\Lynn\AI-for-CV\Class_material\project\projectI\Data\train\rabbits\rabbits024.jpg,0
25,D:\Lynn\AI-for-CV\Class_material\project\projectI\Data\train\rabbits\rabbits025.jpg,0
26,D:\Lynn\AI-for-CV\Class_material\project\projectI\Data\train\rabbits\rabbits026.jpg,0
27,D:\Lynn\AI-for-CV\Class_material\project\projectI\Data\train\rabbits\rabbits027.jpg,0
28,D:\Lynn\AI-for-CV\Class_material\project\projectI\Data\train\rabbits\rabbits028.jpg,0
29,D:\Lynn\AI-for-CV\Class_material\project\projectI\Data\train\rabbits\rabbits029.jpg,0
30,D:\Lynn\AI-for-CV\Class_material\project\projectI\Data\train\rabbits\rabbits030.jpg,0
31,D:\Lynn\AI-for-CV\Class_material\project\projectI\Data\train\rabbits\rabbits031.jpg,0
32,D:\Lynn\AI-for-CV\Class_material\project\projectI\Data\train\rabbits\rabbits032.jpg,0
33,D:\Lynn\AI-for-CV\Class_material\project\projectI\Data\train\rabbits\rabbits033.jpg,0
34,D:\Lynn\AI-for-CV\Class_material\project\projectI\Data\train\rabbits\rabbits034.jpg,0
35,D:\Lynn\AI-for-CV\Class_material\project\projectI\Data\train\rabbits\rabbits035.jpg,0
36,D:\Lynn\AI-for-CV\Class_material\project\projectI\Data\train\rabbits\rabbits036.jpg,0
37,D:\Lynn\AI-for-CV\Class_material\project\projectI\Data\train\rabbits\rabbits037.jpg,0
38,D:\Lynn\AI-for-CV\Class_material\project\projectI\Data\train\rabbits\rabbits038.jpg,0
39,D:\Lynn\AI-for-CV\Class_material\project\projectI\Data\train\rabbits\rabbits039.jpg,0
40,D:\Lynn\AI-for-CV\Class_material\project\projectI\Data\train\rabbits\rabbits040.jpg,0
41,D:\Lynn\AI-for-CV\Class_material\project\projectI\Data\train\rabbits\rabbits041.jpg,0
42,D:\Lynn\AI-for-CV\Class_material\project\projectI\Data\train\rabbits\rabbits042.jpg,0
43,D:\Lynn\AI-for-CV\Class_material\project\projectI\Data\train\rabbits\rabbits043.jpg,0
44,D:\Lynn\AI-for-CV\Class_material\project\projectI\Data\train\rabbits\rabbits044.jpg,0
45,D:\Lynn\AI-for-CV\Class_material\project\projectI\Data\train\rabbits\rabbits045.jpg,0
46,D:\Lynn\AI-for-CV\Class_material\project\projectI\Data\train\rabbits\rabbits046.jpg,0
47,D:\Lynn\AI-for-CV\Class_material\project\projectI\Data\train\rabbits\rabbits047.jpg,0
48,D:\Lynn\AI-for-CV\Class_material\project\projectI\Data\train\rabbits\rabbits048.jpg,0
49,D:\Lynn\AI-for-CV\Class_material\project\projectI\Data\train\rabbits\rabbits049.jpg,0
50,D:\Lynn\AI-for-CV\Class_material\project\projectI\Data\train\rabbits\rabbits050.jpg,0
51,D:\Lynn\AI-for-CV\Class_material\project\projectI\Data\train\rabbits\rabbits051.jpg,0
52,D:\Lynn\AI-for-CV\Class_material\project\projectI\Data\train\rabbits\rabbits052.jpg,0
53,D:\Lynn\AI-for-CV\Class_material\project\projectI\Data\train\rabbits\rabbits053.jpg,0
54,D:\Lynn\AI-for-CV\Class_material\project\projectI\Data\train\rabbits\rabbits054.jpg,0
55,D:\Lynn\AI-for-CV\Class_material\project\projectI\Data\train\rabbits\rabbits055.jpg,0
56,D:\Lynn\AI-for-CV\Class_material\project\projectI\Data\train\rabbits\rabbits056.jpg,0
57,D:\Lynn\AI-for-CV\Class_material\project\projectI\Data\train\rabbits\rabbits057.jpg,0
58,D:\Lynn\AI-for-CV\Class_material\project\projectI\Data\train\rabbits\rabbits058.jpg,0
59,D:\Lynn\AI-for-CV\Class_material\project\projectI\Data\train\rabbits\rabbits059.jpg,0
60,D:\Lynn\AI-for-CV\Class_material\project\projectI\Data\train\rabbits\rabbits060.jpg,0
61,D:\Lynn\AI-for-CV\Class_material\project\projectI\Data\train\rabbits\rabbits061.jpg,0
62,D:\Lynn\AI-for-CV\Class_material\project\projectI\Data\train\rabbits\rabbits062.jpg,0
63,D:\Lynn\AI-for-CV\Class_material\project\projectI\Data\train\rabbits\rabbits063.jpg,0
64,D:\Lynn\AI-for-CV\Class_material\project\projectI\Data\train\rabbits\rabbits064.jpg,0
65,D:\Lynn\AI-for-CV\Class_material\project\projectI\Data\train\rabbits\rabbits065.jpg,0
66,D:\Lynn\AI-for-CV\Class_material\project\projectI\Data\train\rabbits\rabbits066.jpg,0
67,D:\Lynn\AI-for-CV\Class_material\project\projectI\Data\train\rabbits\rabbits067.jpg,0
68,D:\Lynn\AI-for-CV\Class_material\project\projectI\Data\train\rabbits\rabbits068.jpg,0
69,D:\Lynn\AI-for-CV\Class_material\project\projectI\Data\train\rabbits\rabbits069.jpg,0
70,D:\Lynn\AI-for-CV\Class_material\project\projectI\Data\train\rabbits\rabbits070.jpg,0
71,D:\Lynn\AI-for-CV\Class_material\project\projectI\Data\train\rabbits\rabbits071.jpg,0
72,D:\Lynn\AI-for-CV\Class_material\project\projectI\Data\train\rabbits\rabbits072.jpg,0
73,D:\Lynn\AI-for-CV\Class_material\project\projectI\Data\train\rabbits\rabbits073.jpg,0
74,D:\Lynn\AI-for-CV\Class_material\project\projectI\Data\train\rabbits\rabbits074.jpg,0
75,D:\Lynn\AI-for-CV\Class_material\project\projectI\Data\train\rabbits\rabbits075.jpg,0
76,D:\Lynn\AI-for-CV\Class_material\project\projectI\Data\train\rabbits\rabbits076.jpg,0
77,D:\Lynn\AI-for-CV\Class_material\project\projectI\Data\train\rabbits\rabbits077.jpg,0
78,D:\Lynn\AI-for-CV\Class_material\project\projectI\Data\train\rabbits\rabbits078.jpg,0
79,D:\Lynn\AI-for-CV\Class_material\project\projectI\Data\train\rabbits\rabbits079.jpg,0
80,D:\Lynn\AI-for-CV\Class_material\project\projectI\Data\train\rabbits\rabbits080.jpg,0
81,D:\Lynn\AI-for-CV\Class_material\project\projectI\Data\train\rabbits\rabbits081.jpg,0
82,D:\Lynn\AI-for-CV\Class_material\project\projectI\Data\train\rabbits\rabbits082.jpg,0
83,D:\Lynn\AI-for-CV\Class_material\project\projectI\Data\train\rabbits\rabbits083.jpg,0
84,D:\Lynn\AI-for-CV\Class_material\project\projectI\Data\train\rabbits\rabbits084.jpg,0
85,D:\Lynn\AI-for-CV\Class_material\project\projectI\Data\train\rabbits\rabbits085.jpg,0
86,D:\Lynn\AI-for-CV\Class_material\project\projectI\Data\train\rabbits\rabbits086.jpg,0
87,D:\Lynn\AI-for-CV\Class_material\project\projectI\Data\train\rabbits\rabbits087.jpg,0
88,D:\Lynn\AI-for-CV\Class_material\project\projectI\Data\train\rabbits\rabbits088.jpg,0
89,D:\Lynn\AI-for-CV\Class_material\project\projectI\Data\train\rabbits\rabbits089.jpg,0
90,D:\Lynn\AI-for-CV\Class_material\project\projectI\Data\train\rabbits\rabbits090.jpg,0
91,D:\Lynn\AI-for-CV\Class_material\project\projectI\Data\train\rabbits\rabbits091.jpg,0
92,D:\Lynn\AI-for-CV\Class_material\project\projectI\Data\train\rabbits\rabbits092.jpg,0
93,D:\Lynn\AI-for-CV\Class_material\project\projectI\Data\train\rabbits\rabbits093.jpg,0
94,D:\Lynn\AI-for-CV\Class_material\project\projectI\Data\train\rabbits\rabbits094.jpg,0
95,D:\Lynn\AI-for-CV\Class_material\project\projectI\Data\train\rabbits\rabbits095.jpg,0
96,D:\Lynn\AI-for-CV\Class_material\project\projectI\Data\train\rabbits\rabbits096.jpg,0
97,D:\Lynn\AI-for-CV\Class_material\project\projectI\Data\train\rabbits\rabbits097.jpg,0
98,D:\Lynn\AI-for-CV\Class_material\project\projectI\Data\train\rabbits\rabbits098.jpg,0
99,D:\Lynn\AI-for-CV\Class_material\project\projectI\Data\train\rabbits\rabbits099.jpg,0
100,D:\Lynn\AI-for-CV\Class_material\project\projectI\Data\train\rabbits\rabbits100.jpg,0
101,D:\Lynn\AI-for-CV\Class_material\project\projectI\Data\train\rabbits\rabbits101.jpg,0
102,D:\Lynn\AI-for-CV\Class_material\project\projectI\Data\train\rabbits\rabbits102.jpg,0
103,D:\Lynn\AI-for-CV\Class_material\project\projectI\Data\train\rabbits\rabbits103.jpg,0
104,D:\Lynn\AI-for-CV\Class_material\project\projectI\Data\train\rabbits\rabbits104.jpg,0
105,D:\Lynn\AI-for-CV\Class_material\project\projectI\Data\train\rabbits\rabbits105.jpg,0
106,D:\Lynn\AI-for-CV\Class_material\project\projectI\Data\train\rabbits\rabbits106.jpg,0
107,D:\Lynn\AI-for-CV\Class_material\project\projectI\Data\train\rabbits\rabbits107.jpg,0
108,D:\Lynn\AI-for-CV\Class_material\project\projectI\Data\train\rabbits\rabbits108.jpg,0
109,D:\Lynn\AI-for-CV\Class_material\project\projectI\Data\train\rabbits\rabbits109.jpg,0
110,D:\Lynn\AI-for-CV\Class_material\project\projectI\Data\train\rabbits\rabbits110.jpg,0
111,D:\Lynn\AI-for-CV\Class_material\project\projectI\Data\train\rabbits\rabbits111.jpg,0
112,D:\Lynn\AI-for-CV\Class_material\project\projectI\Data\train\rabbits\rabbits112.jpg,0
113,D:\Lynn\AI-for-CV\Class_material\project\projectI\Data\train\rabbits\rabbits113.jpg,0
114,D:\Lynn\AI-for-CV\Class_material\project\projectI\Data\train\rabbits\rabbits114.jpg,0
115,D:\Lynn\AI-for-CV\Class_material\project\projectI\Data\train\rabbits\rabbits115.jpg,0
116,D:\Lynn\AI-for-CV\Class_material\project\projectI\Data\train\rabbits\rabbits116.jpg,0
117,D:\Lynn\AI-for-CV\Class_material\project\projectI\Data\train\rabbits\rabbits117.jpg,0
118,D:\Lynn\AI-for-CV\Class_material\project\projectI\Data\train\rabbits\rabbits118.jpg,0
119,D:\Lynn\AI-for-CV\Class_material\project\projectI\Data\train\rabbits\rabbits119.jpg,0
120,D:\Lynn\AI-for-CV\Class_material\project\projectI\Data\train\rabbits\rabbits120.jpg,0
121,D:\Lynn\AI-for-CV\Class_material\project\projectI\Data\train\rabbits\rabbits121.jpg,0
122,D:\Lynn\AI-for-CV\Class_material\project\projectI\Data\train\rabbits\rabbits122.jpg,0
123,D:\Lynn\AI-for-CV\Class_material\project\projectI\Data\train\rabbits\rabbits123.jpg,0
124,D:\Lynn\AI-for-CV\Class_material\project\projectI\Data\train\rabbits\rabbits124.jpg,0
125,D:\Lynn\AI-for-CV\Class_material\project\projectI\Data\train\rabbits\rabbits125.jpg,0
126,D:\Lynn\AI-for-CV\Class_material\project\projectI\Data\train\rabbits\rabbits126.jpg,0
127,D:\Lynn\AI-for-CV\Class_material\project\projectI\Data\train\rabbits\rabbits127.jpg,0
128,D:\Lynn\AI-for-CV\Class_material\project\projectI\Data\train\rabbits\rabbits128.jpg,0
129,D:\Lynn\AI-for-CV\Class_material\project\projectI\Data\train\rabbits\rabbits129.jpg,0
130,D:\Lynn\AI-for-CV\Class_material\project\projectI\Data\train\rabbits\rabbits130.jpg,0
131,D:\Lynn\AI-for-CV\Class_material\project\projectI\Data\train\rabbits\rabbits131.jpg,0
132,D:\Lynn\AI-for-CV\Class_material\project\projectI\Data\train\rabbits\rabbits132.jpg,0
133,D:\Lynn\AI-for-CV\Class_material\project\projectI\Data\train\rabbits\rabbits133.jpg,0
134,D:\Lynn\AI-for-CV\Class_material\project\projectI\Data\train\rabbits\rabbits134.jpg,0
135,D:\Lynn\AI-for-CV\Class_material\project\projectI\Data\train\rabbits\rabbits135.jpg,0
136,D:\Lynn\AI-for-CV\Class_material\project\projectI\Data\train\rabbits\rabbits136.jpg,0
137,D:\Lynn\AI-for-CV\Class_material\project\projectI\Data\train\rabbits\rabbits137.jpg,0
138,D:\Lynn\AI-for-CV\Class_material\project\projectI\Data\train\rabbits\rabbits138.jpg,0
139,D:\Lynn\AI-for-CV\Class_material\project\projectI\Data\train\rabbits\rabbits139.jpg,0
140,D:\Lynn\AI-for-CV\Class_material\project\projectI\Data\train\rabbits\rabbits140.jpg,0
141,D:\Lynn\AI-for-CV\Class_material\project\projectI\Data\train\rabbits\rabbits141.jpg,0
142,D:\Lynn\AI-for-CV\Class_material\project\projectI\Data\train\rabbits\rabbits142.jpg,0
143,D:\Lynn\AI-for-CV\Class_material\project\projectI\Data\train\rabbits\rabbits143.jpg,0
144,D:\Lynn\AI-for-CV\Class_material\project\projectI\Data\train\rabbits\rabbits144.jpg,0
145,D:\Lynn\AI-for-CV\Class_material\project\projectI\Data\train\rabbits\rabbits145.jpg,0
146,D:\Lynn\AI-for-CV\Class_material\project\projectI\Data\train\rabbits\rabbits146.jpg,0
147,D:\Lynn\AI-for-CV\Class_material\project\projectI\Data\train\rabbits\rabbits147.jpg,0
148,D:\Lynn\AI-for-CV\Class_material\project\projectI\Data\train\rabbits\rabbits148.jpg,0
149,D:\Lynn\AI-for-CV\Class_material\project\projectI\Data\train\rabbits\rabbits149.jpg,0
150,D:\Lynn\AI-for-CV\Class_material\project\projectI\Data\train\rabbits\rabbits150.jpg,0
151,D:\Lynn\AI-for-CV\Class_material\project\projectI\Data\train\rabbits\rabbits151.jpg,0
152,D:\Lynn\AI-for-CV\Class_material\project\projectI\Data\train\rabbits\rabbits152.jpg,0
153,D:\Lynn\AI-for-CV\Class_material\project\projectI\Data\train\rabbits\rabbits153.jpg,0
154,D:\Lynn\AI-for-CV\Class_material\project\projectI\Data\train\rabbits\rabbits154.jpg,0
155,D:\Lynn\AI-for-CV\Class_material\project\projectI\Data\train\rabbits\rabbits155.jpg,0
156,D:\Lynn\AI-for-CV\Class_material\project\projectI\Data\train\rabbits\rabbits156.jpg,0
157,D:\Lynn\AI-for-CV\Class_material\project\projectI\Data\train\rabbits\rabbits157.jpg,0
158,D:\Lynn\AI-for-CV\Class_material\project\projectI\Data\train\rabbits\rabbits158.jpg,0
159,D:\Lynn\AI-for-CV\Class_material\project\projectI\Data\train\rabbits\rabbits159.jpg,0
160,D:\Lynn\AI-for-CV\Class_material\project\projectI\Data\train\rabbits\rabbits160.jpg,0
161,D:\Lynn\AI-for-CV\Class_material\project\projectI\Data\train\rabbits\rabbits161.jpg,0
162,D:\Lynn\AI-for-CV\Class_material\project\projectI\Data\train\rabbits\rabbits162.jpg,0
163,D:\Lynn\AI-for-CV\Class_material\project\projectI\Data\train\rabbits\rabbits163.jpg,0
164,D:\Lynn\AI-for-CV\Class_material\project\projectI\Data\train\rabbits\rabbits164.jpg,0
165,D:\Lynn\AI-for-CV\Class_material\project\projectI\Data\train\rabbits\rabbits165.jpg,0
166,D:\Lynn\AI-for-CV\Class_material\project\projectI\Data\train\rabbits\rabbits166.jpg,0
167,D:\Lynn\AI-for-CV\Class_material\project\projectI\Data\train\rabbits\rabbits167.jpg,0
168,D:\Lynn\AI-for-CV\Class_material\project\projectI\Data\train\rabbits\rabbits168.jpg,0
169,D:\Lynn\AI-for-CV\Class_material\project\projectI\Data\train\rabbits\rabbits169.jpg,0
170,D:\Lynn\AI-for-CV\Class_material\project\projectI\Data\train\rabbits\rabbits170.jpg,0
171,D:\Lynn\AI-for-CV\Class_material\project\projectI\Data\train\rabbits\rabbits171.jpg,0
172,D:\Lynn\AI-for-CV\Class_material\project\projectI\Data\train\rabbits\rabbits172.jpg,0
173,D:\Lynn\AI-for-CV\Class_material\project\projectI\Data\train\rabbits\rabbits173.jpg,0
174,D:\Lynn\AI-for-CV\Class_material\project\projectI\Data\train\rabbits\rabbits174.jpg,0
175,D:\Lynn\AI-for-CV\Class_material\project\projectI\Data\train\rabbits\rabbits175.jpg,0
176,D:\Lynn\AI-for-CV\Class_material\project\projectI\Data\train\rabbits\rabbits176.jpg,0
177,D:\Lynn\AI-for-CV\Class_material\project\projectI\Data\train\rabbits\rabbits177.jpg,0
178,D:\Lynn\AI-for-CV\Class_material\project\projectI\Data\train\rabbits\rabbits178.jpg,0
179,D:\Lynn\AI-for-CV\Class_material\project\projectI\Data\train\rabbits\rabbits179.jpg,0
180,D:\Lynn\AI-for-CV\Class_material\project\projectI\Data\train\rabbits\rabbits180.jpg,0
181,D:\Lynn\AI-for-CV\Class_material\project\projectI\Data\train\rabbits\rabbits181.jpg,0
182,D:\Lynn\AI-for-CV\Class_material\project\projectI\Data\train\rabbits\rabbits182.jpg,0
183,D:\Lynn\AI-for-CV\Class_material\project\projectI\Data\train\rabbits\rabbits183.jpg,0
184,D:\Lynn\AI-for-CV\Class_material\project\projectI\Data\train\rabbits\rabbits184.jpg,0
185,D:\Lynn\AI-for-CV\Class_material\project\projectI\Data\train\rabbits\rabbits185.jpg,0
186,D:\Lynn\AI-for-CV\Class_material\project\projectI\Data\train\rabbits\rabbits186.jpg,0
187,D:\Lynn\AI-for-CV\Class_material\project\projectI\Data\train\rabbits\rabbits187.jpg,0
188,D:\Lynn\AI-for-CV\Class_material\project\projectI\Data\train\rabbits\rabbits188.jpg,0
189,D:\Lynn\AI-for-CV\Class_material\project\projectI\Data\train\rabbits\rabbits189.jpg,0
190,D:\Lynn\AI-for-CV\Class_material\project\projectI\Data\train\rabbits\rabbits190.jpg,0
191,D:\Lynn\AI-for-CV\Class_material\project\projectI\Data\train\rabbits\rabbits191.jpg,0
192,D:\Lynn\AI-for-CV\Class_material\project\projectI\Data\train\rabbits\rabbits192.jpg,0
193,D:\Lynn\AI-for-CV\Class_material\project\projectI\Data\train\rabbits\rabbits193.jpg,0
194,D:\Lynn\AI-for-CV\Class_material\project\projectI\Data\train\rabbits\rabbits194.jpg,0
195,D:\Lynn\AI-for-CV\Class_material\project\projectI\Data\train\rabbits\rabbits195.jpg,0
196,D:\Lynn\AI-for-CV\Class_material\project\projectI\Data\train\rabbits\rabbits196.jpg,0
197,D:\Lynn\AI-for-CV\Class_material\project\projectI\Data\train\rabbits\rabbits197.jpg,0
198,D:\Lynn\AI-for-CV\Class_material\project\projectI\Data\train\rabbits\rabbits198.jpg,0
199,D:\Lynn\AI-for-CV\Class_material\project\projectI\Data\train\rabbits\rabbits199.jpg,0
200,D:\Lynn\AI-for-CV\Class_material\project\projectI\Data\train\rabbits\rabbits200.jpg,0
201,D:\Lynn\AI-for-CV\Class_material\project\projectI\Data\train\rabbits\rabbits201.jpg,0
202,D:\Lynn\AI-for-CV\Class_material\project\projectI\Data\train\rabbits\rabbits202.jpg,0
203,D:\Lynn\AI-for-CV\Class_material\project\projectI\Data\train\rabbits\rabbits203.jpg,0
204,D:\Lynn\AI-for-CV\Class_material\project\projectI\Data\train\rabbits\rabbits204.jpg,0
205,D:\Lynn\AI-for-CV\Class_material\project\projectI\Data\train\rabbits\rabbits205.jpg,0
206,D:\Lynn\AI-for-CV\Class_material\project\projectI\Data\train\rabbits\rabbits206.jpg,0
207,D:\Lynn\AI-for-CV\Class_material\project\projectI\Data\train\rabbits\rabbits207.jpg,0
208,D:\Lynn\AI-for-CV\Class_material\project\projectI\Data\train\rabbits\rabbits208.jpg,0
209,D:\Lynn\AI-for-CV\Class_material\project\projectI\Data\train\rabbits\rabbits209.jpg,0
210,D:\Lynn\AI-for-CV\Class_material\project\projectI\Data\train\rabbits\rabbits210.jpg,0
211,D:\Lynn\AI-for-CV\Class_material\project\projectI\Data\train\rabbits\rabbits211.jpg,0
212,D:\Lynn\AI-for-CV\Class_material\project\projectI\Data\train\rabbits\rabbits212.jpg,0
213,D:\Lynn\AI-for-CV\Class_material\project\projectI\Data\train\rabbits\rabbits213.jpg,0
214,D:\Lynn\AI-for-CV\Class_material\project\projectI\Data\train\rabbits\rabbits214.jpg,0
215,D:\Lynn\AI-for-CV\Class_material\project\projectI\Data\train\rabbits\rabbits215.jpg,0
216,D:\Lynn\AI-for-CV\Class_material\project\projectI\Data\train\rabbits\rabbits216.jpg,0
217,D:\Lynn\AI-for-CV\Class_material\project\projectI\Data\train\rabbits\rabbits217.jpg,0
218,D:\Lynn\AI-for-CV\Class_material\project\projectI\Data\train\rabbits\rabbits218.jpg,0
219,D:\Lynn\AI-for-CV\Class_material\project\projectI\Data\train\rabbits\rabbits219.jpg,0
220,D:\Lynn\AI-for-CV\Class_material\project\projectI\Data\train\rabbits\rabbits220.jpg,0
221,D:\Lynn\AI-for-CV\Class_material\project\projectI\Data\train\rabbits\rabbits221.jpg,0
222,D:\Lynn\AI-for-CV\Class_material\project\projectI\Data\train\rabbits\rabbits222.jpg,0
223,D:\Lynn\AI-for-CV\Class_material\project\projectI\Data\train\rabbits\rabbits223.jpg,0
224,D:\Lynn\AI-for-CV\Class_material\project\projectI\Data\train\rabbits\rabbits224.jpg,0
225,D:\Lynn\AI-for-CV\Class_material\project\projectI\Data\train\rabbits\rabbits225.jpg,0
226,D:\Lynn\AI-for-CV\Class_material\project\projectI\Data\train\rabbits\rabbits226.jpg,0
227,D:\Lynn\AI-for-CV\Class_material\project\projectI\Data\train\rabbits\rabbits227.jpg,0
228,D:\Lynn\AI-for-CV\Class_material\project\projectI\Data\train\rabbits\rabbits228.jpg,0
229,D:\Lynn\AI-for-CV\Class_material\project\projectI\Data\train\rabbits\rabbits229.jpg,0
230,D:\Lynn\AI-for-CV\Class_material\project\projectI\Data\train\rabbits\rabbits230.jpg,0
231,D:\Lynn\AI-for-CV\Class_material\project\projectI\Data\train\rabbits\rabbits231.jpg,0
232,D:\Lynn\AI-for-CV\Class_material\project\projectI\Data\train\rabbits\rabbits232.jpg,0
233,D:\Lynn\AI-for-CV\Class_material\project\projectI\Data\train\rabbits\rabbits233.jpg,0
234,D:\Lynn\AI-for-CV\Class_material\project\projectI\Data\train\rabbits\rabbits234.jpg,0
235,D:\Lynn\AI-for-CV\Class_material\project\projectI\Data\train\rabbits\rabbits235.jpg,0
236,D:\Lynn\AI-for-CV\Class_material\project\projectI\Data\train\rabbits\rabbits236.jpg,0
237,D:\Lynn\AI-for-CV\Class_material\project\projectI\Data\train\rabbits\rabbits237.jpg,0
238,D:\Lynn\AI-for-CV\Class_material\project\projectI\Data\train\rabbits\rabbits238.jpg,0
239,D:\Lynn\AI-for-CV\Class_material\project\projectI\Data\train\rabbits\rabbits239.jpg,0
240,D:\Lynn\AI-for-CV\Class_material\project\projectI\Data\train\rabbits\rabbits240.jpg,0
241,D:\Lynn\AI-for-CV\Class_material\project\projectI\Data\train\rabbits\rabbits241.jpg,0
242,D:\Lynn\AI-for-CV\Class_material\project\projectI\Data\train\rabbits\rabbits242.jpg,0
243,D:\Lynn\AI-for-CV\Class_material\project\projectI\Data\train\rabbits\rabbits243.jpg,0
244,D:\Lynn\AI-for-CV\Class_material\project\projectI\Data\train\rabbits\rabbits244.jpg,0
245,D:\Lynn\AI-for-CV\Class_material\project\projectI\Data\train\rabbits\rabbits245.jpg,0
246,D:\Lynn\AI-for-CV\Class_material\project\projectI\Data\train\rabbits\rabbits246.jpg,0
247,D:\Lynn\AI-for-CV\Class_material\project\projectI\Data\train\rabbits\rabbits247.jpg,0
248,D:\Lynn\AI-for-CV\Class_material\project\projectI\Data\train\rabbits\rabbits248.jpg,0
249,D:\Lynn\AI-for-CV\Class_material\project\projectI\Data\train\rabbits\rabbits249.jpg,0
250,D:\Lynn\AI-for-CV\Class_material\project\projectI\Data\train\rabbits\rabbits250.jpg,0
251,D:\Lynn\AI-for-CV\Class_material\project\projectI\Data\train\rabbits\rabbits251.jpg,0
252,D:\Lynn\AI-for-CV\Class_material\project\projectI\Data\train\rabbits\rabbits252.jpg,0
253,D:\Lynn\AI-for-CV\Class_material\project\projectI\Data\train\rabbits\rabbits253.jpg,0
254,D:\Lynn\AI-for-CV\Class_material\project\projectI\Data\train\rabbits\rabbits254.jpg,0
255,D:\Lynn\AI-for-CV\Class_material\project\projectI\Data\train\rabbits\rabbits255.jpg,0
256,D:\Lynn\AI-for-CV\Class_material\project\projectI\Data\train\rabbits\rabbits256.jpg,0
257,D:\Lynn\AI-for-CV\Class_material\project\projectI\Data\train\rabbits\rabbits257.jpg,0
258,D:\Lynn\AI-for-CV\Class_material\project\projectI\Data\train\rabbits\rabbits258.jpg,0
259,D:\Lynn\AI-for-CV\Class_material\project\projectI\Data\train\rabbits\rabbits259.jpg,0
260,D:\Lynn\AI-for-CV\Class_material\project\projectI\Data\train\rabbits\rabbits260.jpg,0
261,D:\Lynn\AI-for-CV\Class_material\project\projectI\Data\train\rabbits\rabbits261.jpg,0
262,D:\Lynn\AI-for-CV\Class_material\project\projectI\Data\train\rabbits\rabbits262.jpg,0
263,D:\Lynn\AI-for-CV\Class_material\project\projectI\Data\train\rabbits\rabbits263.jpg,0
264,D:\Lynn\AI-for-CV\Class_material\project\projectI\Data\train\rabbits\rabbits264.jpg,0
265,D:\Lynn\AI-for-CV\Class_material\project\projectI\Data\train\rabbits\rabbits265.jpg,0
266,D:\Lynn\AI-for-CV\Class_material\project\projectI\Data\train\rabbits\rabbits266.jpg,0
267,D:\Lynn\AI-for-CV\Class_material\project\projectI\Data\train\rabbits\rabbits267.jpg,0
268,D:\Lynn\AI-for-CV\Class_material\project\projectI\Data\train\rabbits\rabbits268.jpg,0
269,D:\Lynn\AI-for-CV\Class_material\project\projectI\Data\train\rabbits\rabbits269.jpg,0
270,D:\Lynn\AI-for-CV\Class_material\project\projectI\Data\train\rabbits\rabbits270.jpg,0
271,D:\Lynn\AI-for-CV\Class_material\project\projectI\Data\train\rabbits\rabbits271.jpg,0
272,D:\Lynn\AI-for-CV\Class_material\project\projectI\Data\train\rabbits\rabbits272.jpg,0
273,D:\Lynn\AI-for-CV\Class_material\project\projectI\Data\train\rabbits\rabbits273.jpg,0
274,D:\Lynn\AI-for-CV\Class_material\project\projectI\Data\train\rabbits\rabbits274.jpg,0
275,D:\Lynn\AI-for-CV\Class_material\project\projectI\Data\train\rabbits\rabbits275.jpg,0
276,D:\Lynn\AI-for-CV\Class_material\project\projectI\Data\train\rabbits\rabbits276.jpg,0
277,D:\Lynn\AI-for-CV\Class_material\project\projectI\Data\train\rabbits\rabbits277.jpg,0
278,D:\Lynn\AI-for-CV\Class_material\project\projectI\Data\train\rabbits\rabbits278.jpg,0
279,D:\Lynn\AI-for-CV\Class_material\project\projectI\Data\train\rabbits\rabbits279.jpg,0
280,D:\Lynn\AI-for-CV\Class_material\project\projectI\Data\train\rabbits\rabbits280.jpg,0
281,D:\Lynn\AI-for-CV\Class_material\project\projectI\Data\train\rabbits\rabbits281.jpg,0
282,D:\Lynn\AI-for-CV\Class_material\project\projectI\Data\train\rabbits\rabbits282.jpg,0
283,D:\Lynn\AI-for-CV\Class_material\project\projectI\Data\train\rabbits\rabbits283.jpg,0
284,D:\Lynn\AI-for-CV\Class_material\project\projectI\Data\train\rabbits\rabbits284.jpg,0
285,D:\Lynn\AI-for-CV\Class_material\project\projectI\Data\train\rabbits\rabbits285.jpg,0
286,D:\Lynn\AI-for-CV\Class_material\project\projectI\Data\train\rabbits\rabbits286.jpg,0
287,D:\Lynn\AI-for-CV\Class_material\project\projectI\Data\train\rabbits\rabbits287.jpg,0
288,D:\Lynn\AI-for-CV\Class_material\project\projectI\Data\train\rabbits\rabbits288.jpg,0
289,D:\Lynn\AI-for-CV\Class_material\project\projectI\Data\train\rabbits\rabbits289.jpg,0
290,D:\Lynn\AI-for-CV\Class_material\project\projectI\Data\train\rabbits\rabbits290.jpg,0
291,D:\Lynn\AI-for-CV\Class_material\project\projectI\Data\train\rabbits\rabbits291.jpg,0
292,D:\Lynn\AI-for-CV\Class_material\project\projectI\Data\train\rabbits\rabbits292.jpg,0
293,D:\Lynn\AI-for-CV\Class_material\project\projectI\Data\train\rabbits\rabbits293.jpg,0
294,D:\Lynn\AI-for-CV\Class_material\project\projectI\Data\train\rabbits\rabbits294.jpg,0
295,D:\Lynn\AI-for-CV\Class_material\project\projectI\Data\train\rabbits\rabbits295.jpg,0
296,D:\Lynn\AI-for-CV\Class_material\project\projectI\Data\train\rabbits\rabbits296.jpg,0
297,D:\Lynn\AI-for-CV\Class_material\project\projectI\Data\train\rabbits\rabbits297.jpg,0
298,D:\Lynn\AI-for-CV\Class_material\project\projectI\Data\train\rabbits\rabbits298.jpg,0
299,D:\Lynn\AI-for-CV\Class_material\project\projectI\Data\train\rabbits\rabbits299.jpg,0
300,D:\Lynn\AI-for-CV\Class_material\project\projectI\Data\train\rabbits\rabbits300.jpg,0
301,D:\Lynn\AI-for-CV\Class_material\project\projectI\Data\train\rabbits\rabbits301.jpg,0
302,D:\Lynn\AI-for-CV\Class_material\project\projectI\Data\train\rabbits\rabbits302.jpg,0
303,D:\Lynn\AI-for-CV\Class_material\project\projectI\Data\train\rabbits\rabbits303.jpg,0
304,D:\Lynn\AI-for-CV\Class_material\project\projectI\Data\train\rabbits\rabbits304.jpg,0
305,D:\Lynn\AI-for-CV\Class_material\project\projectI\Data\train\rabbits\rabbits305.jpg,0
306,D:\Lynn\AI-for-CV\Class_material\project\projectI\Data\train\rabbits\rabbits306.jpg,0
307,D:\Lynn\AI-for-CV\Class_material\project\projectI\Data\train\rabbits\rabbits307.jpg,0
308,D:\Lynn\AI-for-CV\Class_material\project\projectI\Data\train\rabbits\rabbits308.jpg,0
309,D:\Lynn\AI-for-CV\Class_material\project\projectI\Data\train\rabbits\rabbits309.jpg,0
310,D:\Lynn\AI-for-CV\Class_material\project\projectI\Data\train\chickens\chickens000.jpg,1
311,D:\Lynn\AI-for-CV\Class_material\project\projectI\Data\train\chickens\chickens001.jpg,1
312,D:\Lynn\AI-for-CV\Class_material\project\projectI\Data\train\chickens\chickens002.jpg,1
313,D:\Lynn\AI-for-CV\Class_material\project\projectI\Data\train\chickens\chickens003.jpg,1
314,D:\Lynn\AI-for-CV\Class_material\project\projectI\Data\train\chickens\chickens004.jpg,1
315,D:\Lynn\AI-for-CV\Class_material\project\projectI\Data\train\chickens\chickens005.jpg,1
316,D:\Lynn\AI-for-CV\Class_material\project\projectI\Data\train\chickens\chickens006.jpg,1
317,D:\Lynn\AI-for-CV\Class_material\project\projectI\Data\train\chickens\chickens007.jpg,1
318,D:\Lynn\AI-for-CV\Class_material\project\projectI\Data\train\chickens\chickens008.jpg,1
319,D:\Lynn\AI-for-CV\Class_material\project\projectI\Data\train\chickens\chickens009.jpg,1
320,D:\Lynn\AI-for-CV\Class_material\project\projectI\Data\train\chickens\chickens010.jpg,1
321,D:\Lynn\AI-for-CV\Class_material\project\projectI\Data\train\chickens\chickens011.jpg,1
322,D:\Lynn\AI-for-CV\Class_material\project\projectI\Data\train\chickens\chickens012.jpg,1
323,D:\Lynn\AI-for-CV\Class_material\project\projectI\Data\train\chickens\chickens013.jpg,1
324,D:\Lynn\AI-for-CV\Class_material\project\projectI\Data\train\chickens\chickens014.jpg,1
325,D:\Lynn\AI-for-CV\Class_material\project\projectI\Data\train\chickens\chickens015.jpg,1
326,D:\Lynn\AI-for-CV\Class_material\project\projectI\Data\train\chickens\chickens016.jpg,1
327,D:\Lynn\AI-for-CV\Class_material\project\projectI\Data\train\chickens\chickens017.jpg,1
328,D:\Lynn\AI-for-CV\Class_material\project\projectI\Data\train\chickens\chickens018.jpg,1
329,D:\Lynn\AI-for-CV\Class_material\project\projectI\Data\train\chickens\chickens019.jpg,1
330,D:\Lynn\AI-for-CV\Class_material\project\projectI\Data\train\chickens\chickens020.jpg,1
331,D:\Lynn\AI-for-CV\Class_material\project\projectI\Data\train\chickens\chickens021.jpg,1
332,D:\Lynn\AI-for-CV\Class_material\project\projectI\Data\train\chickens\chickens022.jpg,1
333,D:\Lynn\AI-for-CV\Class_material\project\projectI\Data\train\chickens\chickens023.jpg,1
334,D:\Lynn\AI-for-CV\Class_material\project\projectI\Data\train\chickens\chickens024.jpg,1
335,D:\Lynn\AI-for-CV\Class_material\project\projectI\Data\train\chickens\chickens025.jpg,1
336,D:\Lynn\AI-for-CV\Class_material\project\projectI\Data\train\chickens\chickens026.jpg,1
337,D:\Lynn\AI-for-CV\Class_material\project\projectI\Data\train\chickens\chickens027.jpg,1
338,D:\Lynn\AI-for-CV\Class_material\project\projectI\Data\train\chickens\chickens028.jpg,1
339,D:\Lynn\AI-for-CV\Class_material\project\projectI\Data\train\chickens\chickens029.jpg,1
340,D:\Lynn\AI-for-CV\Class_material\project\projectI\Data\train\chickens\chickens030.jpg,1
341,D:\Lynn\AI-for-CV\Class_material\project\projectI\Data\train\chickens\chickens031.jpg,1
342,D:\Lynn\AI-for-CV\Class_material\project\projectI\Data\train\chickens\chickens032.jpg,1
343,D:\Lynn\AI-for-CV\Class_material\project\projectI\Data\train\chickens\chickens033.jpg,1
344,D:\Lynn\AI-for-CV\Class_material\project\projectI\Data\train\chickens\chickens034.jpg,1
345,D:\Lynn\AI-for-CV\Class_material\project\projectI\Data\train\chickens\chickens035.jpg,1
346,D:\Lynn\AI-for-CV\Class_material\project\projectI\Data\train\chickens\chickens036.jpg,1
347,D:\Lynn\AI-for-CV\Class_material\project\projectI\Data\train\chickens\chickens037.jpg,1
348,D:\Lynn\AI-for-CV\Class_material\project\projectI\Data\train\chickens\chickens038.jpg,1
349,D:\Lynn\AI-for-CV\Class_material\project\projectI\Data\train\chickens\chickens039.jpg,1
350,D:\Lynn\AI-for-CV\Class_material\project\projectI\Data\train\chickens\chickens040.jpg,1
351,D:\Lynn\AI-for-CV\Class_material\project\projectI\Data\train\chickens\chickens041.jpg,1
352,D:\Lynn\AI-for-CV\Class_material\project\projectI\Data\train\chickens\chickens042.jpg,1
353,D:\Lynn\AI-for-CV\Class_material\project\projectI\Data\train\chickens\chickens043.jpg,1
354,D:\Lynn\AI-for-CV\Class_material\project\projectI\Data\train\chickens\chickens044.jpg,1
355,D:\Lynn\AI-for-CV\Class_material\project\projectI\Data\train\chickens\chickens045.jpg,1
356,D:\Lynn\AI-for-CV\Class_material\project\projectI\Data\train\chickens\chickens046.jpg,1
357,D:\Lynn\AI-for-CV\Class_material\project\projectI\Data\train\chickens\chickens047.jpg,1
358,D:\Lynn\AI-for-CV\Class_material\project\projectI\Data\train\chickens\chickens048.jpg,1
359,D:\Lynn\AI-for-CV\Class_material\project\projectI\Data\train\chickens\chickens049.jpg,1
360,D:\Lynn\AI-for-CV\Class_material\project\projectI\Data\train\chickens\chickens050.jpg,1
361,D:\Lynn\AI-for-CV\Class_material\project\projectI\Data\train\chickens\chickens051.jpg,1
362,D:\Lynn\AI-for-CV\Class_material\project\projectI\Data\train\chickens\chickens052.jpg,1
363,D:\Lynn\AI-for-CV\Class_material\project\projectI\Data\train\chickens\chickens053.jpg,1
364,D:\Lynn\AI-for-CV\Class_material\project\projectI\Data\train\chickens\chickens054.jpg,1
365,D:\Lynn\AI-for-CV\Class_material\project\projectI\Data\train\chickens\chickens055.jpg,1
366,D:\Lynn\AI-for-CV\Class_material\project\projectI\Data\train\chickens\chickens056.jpg,1
367,D:\Lynn\AI-for-CV\Class_material\project\projectI\Data\train\chickens\chickens057.jpg,1
368,D:\Lynn\AI-for-CV\Class_material\project\projectI\Data\train\chickens\chickens058.jpg,1
369,D:\Lynn\AI-for-CV\Class_material\project\projectI\Data\train\chickens\chickens059.jpg,1
370,D:\Lynn\AI-for-CV\Class_material\project\projectI\Data\train\chickens\chickens060.jpg,1
371,D:\Lynn\AI-for-CV\Class_material\project\projectI\Data\train\chickens\chickens061.jpg,1
372,D:\Lynn\AI-for-CV\Class_material\project\projectI\Data\train\chickens\chickens062.jpg,1
373,D:\Lynn\AI-for-CV\Class_material\project\projectI\Data\train\chickens\chickens063.jpg,1
374,D:\Lynn\AI-for-CV\Class_material\project\projectI\Data\train\chickens\chickens064.jpg,1
375,D:\Lynn\AI-for-CV\Class_material\project\projectI\Data\train\chickens\chickens065.jpg,1
376,D:\Lynn\AI-for-CV\Class_material\project\projectI\Data\train\chickens\chickens066.jpg,1
377,D:\Lynn\AI-for-CV\Class_material\project\projectI\Data\train\chickens\chickens067.jpg,1
378,D:\Lynn\AI-for-CV\Class_material\project\projectI\Data\train\chickens\chickens068.jpg,1
379,D:\Lynn\AI-for-CV\Class_material\project\projectI\Data\train\chickens\chickens069.jpg,1
380,D:\Lynn\AI-for-CV\Class_material\project\projectI\Data\train\chickens\chickens070.jpg,1
381,D:\Lynn\AI-for-CV\Class_material\project\projectI\Data\train\chickens\chickens071.jpg,1
382,D:\Lynn\AI-for-CV\Class_material\project\projectI\Data\train\chickens\chickens072.jpg,1
383,D:\Lynn\AI-for-CV\Class_material\project\projectI\Data\train\chickens\chickens073.jpg,1
384,D:\Lynn\AI-for-CV\Class_material\project\projectI\Data\train\chickens\chickens074.jpg,1
385,D:\Lynn\AI-for-CV\Class_material\project\projectI\Data\train\chickens\chickens075.jpg,1
386,D:\Lynn\AI-for-CV\Class_material\project\projectI\Data\train\chickens\chickens076.jpg,1
387,D:\Lynn\AI-for-CV\Class_material\project\projectI\Data\train\chickens\chickens077.jpg,1
388,D:\Lynn\AI-for-CV\Class_material\project\projectI\Data\train\chickens\chickens078.jpg,1
389,D:\Lynn\AI-for-CV\Class_material\project\projectI\Data\train\chickens\chickens079.jpg,1
390,D:\Lynn\AI-for-CV\Class_material\project\projectI\Data\train\chickens\chickens080.jpg,1
391,D:\Lynn\AI-for-CV\Class_material\project\projectI\Data\train\chickens\chickens081.jpg,1
392,D:\Lynn\AI-for-CV\Class_material\project\projectI\Data\train\chickens\chickens082.jpg,1
393,D:\Lynn\AI-for-CV\Class_material\project\projectI\Data\train\chickens\chickens083.jpg,1
394,D:\Lynn\AI-for-CV\Class_material\project\projectI\Data\train\chickens\chickens084.jpg,1
395,D:\Lynn\AI-for-CV\Class_material\project\projectI\Data\train\chickens\chickens085.jpg,1
396,D:\Lynn\AI-for-CV\Class_material\project\projectI\Data\train\chickens\chickens086.jpg,1
397,D:\Lynn\AI-for-CV\Class_material\project\projectI\Data\train\chickens\chickens087.jpg,1
398,D:\Lynn\AI-for-CV\Class_material\project\projectI\Data\train\chickens\chickens088.jpg,1
399,D:\Lynn\AI-for-CV\Class_material\project\projectI\Data\train\chickens\chickens089.jpg,1
400,D:\Lynn\AI-for-CV\Class_material\project\projectI\Data\train\chickens\chickens090.jpg,1
401,D:\Lynn\AI-for-CV\Class_material\project\projectI\Data\train\chickens\chickens091.jpg,1
402,D:\Lynn\AI-for-CV\Class_material\project\projectI\Data\train\chickens\chickens092.jpg,1
403,D:\Lynn\AI-for-CV\Class_material\project\projectI\Data\train\chickens\chickens093.jpg,1
404,D:\Lynn\AI-for-CV\Class_material\project\projectI\Data\train\chickens\chickens094.jpg,1
405,D:\Lynn\AI-for-CV\Class_material\project\projectI\Data\train\chickens\chickens095.jpg,1
406,D:\Lynn\AI-for-CV\Class_material\project\projectI\Data\train\chickens\chickens096.jpg,1
407,D:\Lynn\AI-for-CV\Class_material\project\projectI\Data\train\chickens\chickens097.jpg,1
408,D:\Lynn\AI-for-CV\Class_material\project\projectI\Data\train\chickens\chickens098.jpg,1
409,D:\Lynn\AI-for-CV\Class_material\project\projectI\Data\train\chickens\chickens099.jpg,1
410,D:\Lynn\AI-for-CV\Class_material\project\projectI\Data\train\chickens\chickens100.jpg,1
411,D:\Lynn\AI-for-CV\Class_material\project\projectI\Data\train\chickens\chickens101.jpg,1
412,D:\Lynn\AI-for-CV\Class_material\project\projectI\Data\train\chickens\chickens102.jpg,1
413,D:\Lynn\AI-for-CV\Class_material\project\projectI\Data\train\chickens\chickens103.jpg,1
414,D:\Lynn\AI-for-CV\Class_material\project\projectI\Data\train\chickens\chickens104.jpg,1
415,D:\Lynn\AI-for-CV\Class_material\project\projectI\Data\train\chickens\chickens105.jpg,1
416,D:\Lynn\AI-for-CV\Class_material\project\projectI\Data\train\chickens\chickens106.jpg,1
417,D:\Lynn\AI-for-CV\Class_material\project\projectI\Data\train\chickens\chickens107.jpg,1
418,D:\Lynn\AI-for-CV\Class_material\project\projectI\Data\train\chickens\chickens108.jpg,1
419,D:\Lynn\AI-for-CV\Class_material\project\projectI\Data\train\chickens\chickens109.jpg,1
420,D:\Lynn\AI-for-CV\Class_material\project\projectI\Data\train\chickens\chickens110.jpg,1
421,D:\Lynn\AI-for-CV\Class_material\project\projectI\Data\train\chickens\chickens111.jpg,1
422,D:\Lynn\AI-for-CV\Class_material\project\projectI\Data\train\chickens\chickens112.jpg,1
423,D:\Lynn\AI-for-CV\Class_material\project\projectI\Data\train\chickens\chickens113.jpg,1
424,D:\Lynn\AI-for-CV\Class_material\project\projectI\Data\train\chickens\chickens114.jpg,1
425,D:\Lynn\AI-for-CV\Class_material\project\projectI\Data\train\chickens\chickens115.jpg,1
426,D:\Lynn\AI-for-CV\Class_material\project\projectI\Data\train\chickens\chickens116.jpg,1
427,D:\Lynn\AI-for-CV\Class_material\project\projectI\Data\train\chickens\chickens117.jpg,1
428,D:\Lynn\AI-for-CV\Class_material\project\projectI\Data\train\chickens\chickens118.jpg,1
429,D:\Lynn\AI-for-CV\Class_material\project\projectI\Data\train\chickens\chickens119.jpg,1
430,D:\Lynn\AI-for-CV\Class_material\project\projectI\Data\train\chickens\chickens120.jpg,1
431,D:\Lynn\AI-for-CV\Class_material\project\projectI\Data\train\chickens\chickens121.jpg,1
432,D:\Lynn\AI-for-CV\Class_material\project\projectI\Data\train\chickens\chickens122.jpg,1
433,D:\Lynn\AI-for-CV\Class_material\project\projectI\Data\train\chickens\chickens123.jpg,1
434,D:\Lynn\AI-for-CV\Class_material\project\projectI\Data\train\chickens\chickens124.jpg,1
435,D:\Lynn\AI-for-CV\Class_material\project\projectI\Data\train\chickens\chickens125.jpg,1
436,D:\Lynn\AI-for-CV\Class_material\project\projectI\Data\train\chickens\chickens126.jpg,1
437,D:\Lynn\AI-for-CV\Class_material\project\projectI\Data\train\chickens\chickens127.jpg,1
438,D:\Lynn\AI-for-CV\Class_material\project\projectI\Data\train\chickens\chickens128.jpg,1
439,D:\Lynn\AI-for-CV\Class_material\project\projectI\Data\train\chickens\chickens129.jpg,1
440,D:\Lynn\AI-for-CV\Class_material\project\projectI\Data\train\chickens\chickens130.jpg,1
441,D:\Lynn\AI-for-CV\Class_material\project\projectI\Data\train\chickens\chickens131.jpg,1
442,D:\Lynn\AI-for-CV\Class_material\project\projectI\Data\train\chickens\chickens132.jpg,1
443,D:\Lynn\AI-for-CV\Class_material\project\projectI\Data\train\chickens\chickens133.jpg,1
444,D:\Lynn\AI-for-CV\Class_material\project\projectI\Data\train\chickens\chickens134.jpg,1
445,D:\Lynn\AI-for-CV\Class_material\project\projectI\Data\train\chickens\chickens135.jpg,1
446,D:\Lynn\AI-for-CV\Class_material\project\projectI\Data\train\chickens\chickens136.jpg,1
447,D:\Lynn\AI-for-CV\Class_material\project\projectI\Data\train\chickens\chickens137.jpg,1
448,D:\Lynn\AI-for-CV\Class_material\project\projectI\Data\train\chickens\chickens138.jpg,1
449,D:\Lynn\AI-for-CV\Class_material\project\projectI\Data\train\chickens\chickens139.jpg,1
450,D:\Lynn\AI-for-CV\Class_material\project\projectI\Data\train\chickens\chickens140.jpg,1
451,D:\Lynn\AI-for-CV\Class_material\project\projectI\Data\train\chickens\chickens141.jpg,1
452,D:\Lynn\AI-for-CV\Class_material\project\projectI\Data\train\chickens\chickens142.jpg,1
453,D:\Lynn\AI-for-CV\Class_material\project\projectI\Data\train\chickens\chickens143.jpg,1
454,D:\Lynn\AI-for-CV\Class_material\project\projectI\Data\train\chickens\chickens144.jpg,1
455,D:\Lynn\AI-for-CV\Class_material\project\projectI\Data\train\chickens\chickens145.jpg,1
456,D:\Lynn\AI-for-CV\Class_material\project\projectI\Data\train\chickens\chickens146.jpg,1
457,D:\Lynn\AI-for-CV\Class_material\project\projectI\Data\train\chickens\chickens147.jpg,1
458,D:\Lynn\AI-for-CV\Class_material\project\projectI\Data\train\chickens\chickens148.jpg,1
459,D:\Lynn\AI-for-CV\Class_material\project\projectI\Data\train\chickens\chickens149.jpg,1
460,D:\Lynn\AI-for-CV\Class_material\project\projectI\Data\train\chickens\chickens150.jpg,1
461,D:\Lynn\AI-for-CV\Class_material\project\projectI\Data\train\chickens\chickens151.jpg,1
462,D:\Lynn\AI-for-CV\Class_material\project\projectI\Data\train\chickens\chickens152.jpg,1
463,D:\Lynn\AI-for-CV\Class_material\project\projectI\Data\train\chickens\chickens153.jpg,1
464,D:\Lynn\AI-for-CV\Class_material\project\projectI\Data\train\chickens\chickens154.jpg,1
465,D:\Lynn\AI-for-CV\Class_material\project\projectI\Data\train\chickens\chickens155.jpg,1
466,D:\Lynn\AI-for-CV\Class_material\project\projectI\Data\train\chickens\chickens156.jpg,1
467,D:\Lynn\AI-for-CV\Class_material\project\projectI\Data\train\chickens\chickens157.jpg,1
468,D:\Lynn\AI-for-CV\Class_material\project\projectI\Data\train\chickens\chickens158.jpg,1
469,D:\Lynn\AI-for-CV\Class_material\project\projectI\Data\train\chickens\chickens159.jpg,1
470,D:\Lynn\AI-for-CV\Class_material\project\projectI\Data\train\chickens\chickens160.jpg,1
471,D:\Lynn\AI-for-CV\Class_material\project\projectI\Data\train\chickens\chickens161.jpg,1
472,D:\Lynn\AI-for-CV\Class_material\project\projectI\Data\train\chickens\chickens162.jpg,1
473,D:\Lynn\AI-for-CV\Class_material\project\projectI\Data\train\chickens\chickens163.jpg,1
474,D:\Lynn\AI-for-CV\Class_material\project\projectI\Data\train\chickens\chickens164.jpg,1
475,D:\Lynn\AI-for-CV\Class_material\project\projectI\Data\train\chickens\chickens165.jpg,1
476,D:\Lynn\AI-for-CV\Class_material\project\projectI\Data\train\chickens\chickens166.jpg,1
477,D:\Lynn\AI-for-CV\Class_material\project\projectI\Data\train\chickens\chickens167.jpg,1
478,D:\Lynn\AI-for-CV\Class_material\project\projectI\Data\train\chickens\chickens168.jpg,1
479,D:\Lynn\AI-for-CV\Class_material\project\projectI\Data\train\chickens\chickens169.jpg,1
480,D:\Lynn\AI-for-CV\Class_material\project\projectI\Data\train\chickens\chickens170.jpg,1
481,D:\Lynn\AI-for-CV\Class_material\project\projectI\Data\train\chickens\chickens171.jpg,1
482,D:\Lynn\AI-for-CV\Class_material\project\projectI\Data\train\chickens\chickens172.jpg,1
483,D:\Lynn\AI-for-CV\Class_material\project\projectI\Data\train\chickens\chickens173.jpg,1
484,D:\Lynn\AI-for-CV\Class_material\project\projectI\Data\train\chickens\chickens174.jpg,1
485,D:\Lynn\AI-for-CV\Class_material\project\projectI\Data\train\chickens\chickens175.jpg,1
486,D:\Lynn\AI-for-CV\Class_material\project\projectI\Data\train\chickens\chickens176.jpg,1
487,D:\Lynn\AI-for-CV\Class_material\project\projectI\Data\train\chickens\chickens177.jpg,1
488,D:\Lynn\AI-for-CV\Class_material\project\projectI\Data\train\chickens\chickens178.jpg,1
489,D:\Lynn\AI-for-CV\Class_material\project\projectI\Data\train\chickens\chickens179.jpg,1
490,D:\Lynn\AI-for-CV\Class_material\project\projectI\Data\train\chickens\chickens180.jpg,1
491,D:\Lynn\AI-for-CV\Class_material\project\projectI\Data\train\chickens\chickens181.jpg,1
492,D:\Lynn\AI-for-CV\Class_material\project\projectI\Data\train\chickens\chickens182.jpg,1
493,D:\Lynn\AI-for-CV\Class_material\project\projectI\Data\train\chickens\chickens183.jpg,1
494,D:\Lynn\AI-for-CV\Class_material\project\projectI\Data\train\chickens\chickens184.jpg,1
495,D:\Lynn\AI-for-CV\Class_material\project\projectI\Data\train\chickens\chickens185.jpg,1
496,D:\Lynn\AI-for-CV\Class_material\project\projectI\Data\train\chickens\chickens186.jpg,1
497,D:\Lynn\AI-for-CV\Class_material\project\projectI\Data\train\chickens\chickens187.jpg,1
498,D:\Lynn\AI-for-CV\Class_material\project\projectI\Data\train\chickens\chickens188.jpg,1
499,D:\Lynn\AI-for-CV\Class_material\project\projectI\Data\train\chickens\chickens189.jpg,1
500,D:\Lynn\AI-for-CV\Class_material\project\projectI\Data\train\chickens\chickens190.jpg,1
501,D:\Lynn\AI-for-CV\Class_material\project\projectI\Data\train\chickens\chickens191.jpg,1
502,D:\Lynn\AI-for-CV\Class_material\project\projectI\Data\train\chickens\chickens192.jpg,1
503,D:\Lynn\AI-for-CV\Class_material\project\projectI\Data\train\chickens\chickens193.jpg,1
504,D:\Lynn\AI-for-CV\Class_material\project\projectI\Data\train\chickens\chickens194.jpg,1
505,D:\Lynn\AI-for-CV\Class_material\project\projectI\Data\train\chickens\chickens195.jpg,1
506,D:\Lynn\AI-for-CV\Class_material\project\projectI\Data\train\chickens\chickens196.jpg,1
507,D:\Lynn\AI-for-CV\Class_material\project\projectI\Data\train\chickens\chickens197.jpg,1
508,D:\Lynn\AI-for-CV\Class_material\project\projectI\Data\train\chickens\chickens198.jpg,1
509,D:\Lynn\AI-for-CV\Class_material\project\projectI\Data\train\chickens\chickens199.jpg,1
510,D:\Lynn\AI-for-CV\Class_material\project\projectI\Data\train\chickens\chickens200.jpg,1
511,D:\Lynn\AI-for-CV\Class_material\project\projectI\Data\train\chickens\chickens201.jpg,1
512,D:\Lynn\AI-for-CV\Class_material\project\projectI\Data\train\chickens\chickens202.jpg,1
513,D:\Lynn\AI-for-CV\Class_material\project\projectI\Data\train\chickens\chickens203.jpg,1
514,D:\Lynn\AI-for-CV\Class_material\project\projectI\Data\train\chickens\chickens204.jpg,1
515,D:\Lynn\AI-for-CV\Class_material\project\projectI\Data\train\chickens\chickens205.jpg,1
516,D:\Lynn\AI-for-CV\Class_material\project\projectI\Data\train\chickens\chickens206.jpg,1
517,D:\Lynn\AI-for-CV\Class_material\project\projectI\Data\train\chickens\chickens207.jpg,1
518,D:\Lynn\AI-for-CV\Class_material\project\projectI\Data\train\chickens\chickens208.jpg,1
519,D:\Lynn\AI-for-CV\Class_material\project\projectI\Data\train\chickens\chickens209.jpg,1
520,D:\Lynn\AI-for-CV\Class_material\project\projectI\Data\train\chickens\chickens210.jpg,1
521,D:\Lynn\AI-for-CV\Class_material\project\projectI\Data\train\chickens\chickens211.jpg,1
522,D:\Lynn\AI-for-CV\Class_material\project\projectI\Data\train\chickens\chickens212.jpg,1
523,D:\Lynn\AI-for-CV\Class_material\project\projectI\Data\train\chickens\chickens213.jpg,1
524,D:\Lynn\AI-for-CV\Class_material\project\projectI\Data\train\chickens\chickens214.jpg,1
525,D:\Lynn\AI-for-CV\Class_material\project\projectI\Data\train\chickens\chickens215.jpg,1
526,D:\Lynn\AI-for-CV\Class_material\project\projectI\Data\train\chickens\chickens216.jpg,1
527,D:\Lynn\AI-for-CV\Class_material\project\projectI\Data\train\chickens\chickens217.jpg,1
528,D:\Lynn\AI-for-CV\Class_material\project\projectI\Data\train\chickens\chickens218.jpg,1
529,D:\Lynn\AI-for-CV\Class_material\project\projectI\Data\train\chickens\chickens219.jpg,1
530,D:\Lynn\AI-for-CV\Class_material\project\projectI\Data\train\chickens\chickens220.jpg,1
531,D:\Lynn\AI-for-CV\Class_material\project\projectI\Data\train\chickens\chickens221.jpg,1
532,D:\Lynn\AI-for-CV\Class_material\project\projectI\Data\train\chickens\chickens222.jpg,1
533,D:\Lynn\AI-for-CV\Class_material\project\projectI\Data\train\chickens\chickens223.jpg,1
534,D:\Lynn\AI-for-CV\Class_material\project\projectI\Data\train\chickens\chickens224.jpg,1
535,D:\Lynn\AI-for-CV\Class_material\project\projectI\Data\train\chickens\chickens225.jpg,1
536,D:\Lynn\AI-for-CV\Class_material\project\projectI\Data\train\chickens\chickens226.jpg,1
537,D:\Lynn\AI-for-CV\Class_material\project\projectI\Data\train\chickens\chickens227.jpg,1
538,D:\Lynn\AI-for-CV\Class_material\project\projectI\Data\train\chickens\chickens228.jpg,1
539,D:\Lynn\AI-for-CV\Class_material\project\projectI\Data\train\chickens\chickens229.jpg,1
540,D:\Lynn\AI-for-CV\Class_material\project\projectI\Data\train\chickens\chickens230.jpg,1
541,D:\Lynn\AI-for-CV\Class_material\project\projectI\Data\train\chickens\chickens231.jpg,1
542,D:\Lynn\AI-for-CV\Class_material\project\projectI\Data\train\chickens\chickens232.jpg,1
543,D:\Lynn\AI-for-CV\Class_material\project\projectI\Data\train\chickens\chickens233.jpg,1
544,D:\Lynn\AI-for-CV\Class_material\project\projectI\Data\train\chickens\chickens234.jpg,1
545,D:\Lynn\AI-for-CV\Class_material\project\projectI\Data\train\chickens\chickens235.jpg,1
546,D:\Lynn\AI-for-CV\Class_material\project\projectI\Data\train\chickens\chickens236.jpg,1
547,D:\Lynn\AI-for-CV\Class_material\project\projectI\Data\train\chickens\chickens237.jpg,1
548,D:\Lynn\AI-for-CV\Class_material\project\projectI\Data\train\chickens\chickens238.jpg,1
549,D:\Lynn\AI-for-CV\Class_material\project\projectI\Data\train\chickens\chickens239.jpg,1
550,D:\Lynn\AI-for-CV\Class_material\project\projectI\Data\train\chickens\chickens240.jpg,1
551,D:\Lynn\AI-for-CV\Class_material\project\projectI\Data\train\chickens\chickens241.jpg,1
552,D:\Lynn\AI-for-CV\Class_material\project\projectI\Data\train\chickens\chickens242.jpg,1
553,D:\Lynn\AI-for-CV\Class_material\project\projectI\Data\train\chickens\chickens243.jpg,1
554,D:\Lynn\AI-for-CV\Class_material\project\projectI\Data\train\chickens\chickens244.jpg,1
555,D:\Lynn\AI-for-CV\Class_material\project\projectI\Data\train\chickens\chickens245.jpg,1
556,D:\Lynn\AI-for-CV\Class_material\project\projectI\Data\train\chickens\chickens246.jpg,1
557,D:\Lynn\AI-for-CV\Class_material\project\projectI\Data\train\chickens\chickens247.jpg,1
558,D:\Lynn\AI-for-CV\Class_material\project\projectI\Data\train\chickens\chickens248.jpg,1
559,D:\Lynn\AI-for-CV\Class_material\project\projectI\Data\train\chickens\chickens249.jpg,1
560,D:\Lynn\AI-for-CV\Class_material\project\projectI\Data\train\chickens\chickens250.jpg,1
561,D:\Lynn\AI-for-CV\Class_material\project\projectI\Data\train\chickens\chickens251.jpg,1
562,D:\Lynn\AI-for-CV\Class_material\project\projectI\Data\train\chickens\chickens252.jpg,1
563,D:\Lynn\AI-for-CV\Class_material\project\projectI\Data\train\chickens\chickens253.jpg,1
564,D:\Lynn\AI-for-CV\Class_material\project\projectI\Data\train\chickens\chickens254.jpg,1
565,D:\Lynn\AI-for-CV\Class_material\project\projectI\Data\train\chickens\chickens255.jpg,1
566,D:\Lynn\AI-for-CV\Class_material\project\projectI\Data\train\chickens\chickens256.jpg,1
567,D:\Lynn\AI-for-CV\Class_material\project\projectI\Data\train\chickens\chickens257.jpg,1
568,D:\Lynn\AI-for-CV\Class_material\project\projectI\Data\train\chickens\chickens258.jpg,1
569,D:\Lynn\AI-for-CV\Class_material\project\projectI\Data\train\chickens\chickens259.jpg,1
570,D:\Lynn\AI-for-CV\Class_material\project\projectI\Data\train\chickens\chickens260.jpg,1
571,D:\Lynn\AI-for-CV\Class_material\project\projectI\Data\train\chickens\chickens261.jpg,1
572,D:\Lynn\AI-for-CV\Class_material\project\projectI\Data\train\chickens\chickens262.jpg,1
573,D:\Lynn\AI-for-CV\Class_material\project\projectI\Data\train\chickens\chickens263.jpg,1
574,D:\Lynn\AI-for-CV\Class_material\project\projectI\Data\train\chickens\chickens264.jpg,1
575,D:\Lynn\AI-for-CV\Class_material\project\projectI\Data\train\chickens\chickens265.jpg,1
576,D:\Lynn\AI-for-CV\Class_material\project\projectI\Data\train\chickens\chickens266.jpg,1
577,D:\Lynn\AI-for-CV\Class_material\project\projectI\Data\train\chickens\chickens267.jpg,1
578,D:\Lynn\AI-for-CV\Class_material\project\projectI\Data\train\chickens\chickens268.jpg,1
579,D:\Lynn\AI-for-CV\Class_material\project\projectI\Data\train\chickens\chickens269.jpg,1
580,D:\Lynn\AI-for-CV\Class_material\project\projectI\Data\train\chickens\chickens270.jpg,1
581,D:\Lynn\AI-for-CV\Class_material\project\projectI\Data\train\chickens\chickens271.jpg,1
582,D:\Lynn\AI-for-CV\Class_material\project\projectI\Data\train\chickens\chickens272.jpg,1
583,D:\Lynn\AI-for-CV\Class_material\project\projectI\Data\train\chickens\chickens273.jpg,1
584,D:\Lynn\AI-for-CV\Class_material\project\projectI\Data\train\chickens\chickens274.jpg,1
585,D:\Lynn\AI-for-CV\Class_material\project\projectI\Data\train\chickens\chickens275.jpg,1
586,D:\Lynn\AI-for-CV\Class_material\project\projectI\Data\train\chickens\chickens276.jpg,1
587,D:\Lynn\AI-for-CV\Class_material\project\projectI\Data\train\chickens\chickens277.jpg,1
588,D:\Lynn\AI-for-CV\Class_material\project\projectI\Data\train\chickens\chickens278.jpg,1
589,D:\Lynn\AI-for-CV\Class_material\project\projectI\Data\train\chickens\chickens279.jpg,1
590,D:\Lynn\AI-for-CV\Class_material\project\projectI\Data\train\chickens\chickens280.jpg,1
591,D:\Lynn\AI-for-CV\Class_material\project\projectI\Data\train\chickens\chickens281.jpg,1
592,D:\Lynn\AI-for-CV\Class_material\project\projectI\Data\train\chickens\chickens282.jpg,1
593,D:\Lynn\AI-for-CV\Class_material\project\projectI\Data\train\chickens\chickens283.jpg,1
594,D:\Lynn\AI-for-CV\Class_material\project\projectI\Data\train\chickens\chickens284.jpg,1
595,D:\Lynn\AI-for-CV\Class_material\project\projectI\Data\train\chickens\chickens285.jpg,1
596,D:\Lynn\AI-for-CV\Class_material\project\projectI\Data\train\chickens\chickens286.jpg,1
597,D:\Lynn\AI-for-CV\Class_material\project\projectI\Data\train\chickens\chickens287.jpg,1
598,D:\Lynn\AI-for-CV\Class_material\project\projectI\Data\train\chickens\chickens288.jpg,1
599,D:\Lynn\AI-for-CV\Class_material\project\projectI\Data\train\chickens\chickens289.jpg,1
600,D:\Lynn\AI-for-CV\Class_material\project\projectI\Data\train\chickens\chickens290.jpg,1
601,D:\Lynn\AI-for-CV\Class_material\project\projectI\Data\train\chickens\chickens291.jpg,1
602,D:\Lynn\AI-for-CV\Class_material\project\projectI\Data\train\chickens\chickens292.jpg,1
603,D:\Lynn\AI-for-CV\Class_material\project\projectI\Data\train\chickens\chickens293.jpg,1
604,D:\Lynn\AI-for-CV\Class_material\project\projectI\Data\train\chickens\chickens294.jpg,1
605,D:\Lynn\AI-for-CV\Class_material\project\projectI\Data\train\chickens\chickens295.jpg,1
606,D:\Lynn\AI-for-CV\Class_material\project\projectI\Data\train\chickens\chickens296.jpg,1
607,D:\Lynn\AI-for-CV\Class_material\project\projectI\Data\train\chickens\chickens297.jpg,1
608,D:\Lynn\AI-for-CV\Class_material\project\projectI\Data\train\chickens\chickens298.jpg,1
609,D:\Lynn\AI-for-CV\Class_material\project\projectI\Data\train\chickens\chickens299.jpg,1
610,D:\Lynn\AI-for-CV\Class_material\project\projectI\Data\train\chickens\chickens300.jpg,1
611,D:\Lynn\AI-for-CV\Class_material\project\projectI\Data\train\chickens\chickens301.jpg,1
612,D:\Lynn\AI-for-CV\Class_material\project\projectI\Data\train\chickens\chickens302.jpg,1
613,D:\Lynn\AI-for-CV\Class_material\project\projectI\Data\train\chickens\chickens303.jpg,1
614,D:\Lynn\AI-for-CV\Class_material\project\projectI\Data\train\chickens\chickens304.jpg,1
615,D:\Lynn\AI-for-CV\Class_material\project\projectI\Data\train\chickens\chickens305.jpg,1
616,D:\Lynn\AI-for-CV\Class_material\project\projectI\Data\train\chickens\chickens306.jpg,1
617,D:\Lynn\AI-for-CV\Class_material\project\projectI\Data\train\chickens\chickens307.jpg,1
618,D:\Lynn\AI-for-CV\Class_material\project\projectI\Data\train\chickens\chickens308.jpg,1
619,D:\Lynn\AI-for-CV\Class_material\project\projectI\Data\train\chickens\chickens309.jpg,1
